{"cameraMode":{"drawMode":0,"name":"Shaded","section":"Shading Mode"},"sceneLighting":true,"audioPlay":true,"sceneViewState":{"m_AlwaysRefresh":false,"showFog":true,"showSkybox":true,"showFlares":true,"showImageEffects":true,"showParticleSystems":true,"showVisualEffectGraphs":true,"m_FxEnabled":true},"in2DMode":false,"pivot":{"x":8.608550071716309,"y":4.25478458404541,"z":-1.830149531364441},"rotation":{"x":-0.0038853627629578115,"y":0.7447404861450195,"z":0.008596093393862248,"w":0.6665315628051758},"size":4.3045454025268559,"orthographic":false}