{"cameraMode":{"drawMode":0,"name":"Shaded","section":"Shading Mode"},"sceneLighting":true,"audioPlay":true,"sceneViewState":{"m_AlwaysRefresh":false,"showFog":true,"showSkybox":true,"showFlares":true,"showImageEffects":true,"showParticleSystems":true,"showVisualEffectGraphs":true,"m_FxEnabled":true},"in2DMode":false,"pivot":{"x":7.961113929748535,"y":2.898679256439209,"z":-2.3767383098602297},"rotation":{"x":0.06127968057990074,"y":0.7869481444358826,"z":-0.043735649436712268,"w":0.6102578043937683},"size":4.3045454025268559,"orthographic":false}