{"cameraMode":{"drawMode":0,"name":"Shaded","section":"Shading Mode"},"sceneLighting":false,"audioPlay":false,"sceneViewState":{"m_AlwaysRefresh":false,"showFog":true,"showSkybox":true,"showFlares":true,"showImageEffects":true,"showParticleSystems":true,"showVisualEffectGraphs":true,"m_FxEnabled":true},"in2DMode":false,"pivot":{"x":0.058556828647851947,"y":2.6210551261901857,"z":1.1474345922470093},"rotation":{"x":0.014173355884850026,"y":0.9707785248756409,"z":-0.2317223995923996,"w":0.05916944146156311},"size":0.1606065183877945,"orthographic":false}