{"cameraMode":{"drawMode":0,"name":"Shaded","section":"Shading Mode"},"sceneLighting":true,"audioPlay":false,"sceneViewState":{"m_AlwaysRefresh":false,"showFog":true,"showSkybox":true,"showFlares":true,"showImageEffects":true,"showParticleSystems":true,"showVisualEffectGraphs":true,"m_FxEnabled":true},"in2DMode":false,"pivot":{"x":23.628660202026368,"y":5.1255388259887699,"z":-18.71306800842285},"rotation":{"x":0.0048608193174004559,"y":-0.9988939762115479,"z":0.019542839378118516,"w":-0.013126139529049397},"size":10.15241527557373,"orthographic":false}