{"cameraMode":{"drawMode":0,"name":"Shaded","section":"Shading Mode"},"sceneLighting":true,"audioPlay":false,"sceneViewState":{"m_AlwaysRefresh":false,"showFog":true,"showSkybox":true,"showFlares":true,"showImageEffects":true,"showParticleSystems":true,"showVisualEffectGraphs":true,"m_FxEnabled":true},"in2DMode":false,"pivot":{"x":23.63072967529297,"y":5.102520942687988,"z":-22.838672637939454},"rotation":{"x":-0.030332643538713456,"y":0.9975790977478027,"z":-0.03490922227501869,"w":0.01675519160926342},"size":12.466289520263672,"orthographic":false}