{"cameraMode":{"drawMode":0,"name":"Shaded","section":"Shading Mode"},"sceneLighting":true,"audioPlay":false,"sceneViewState":{"m_AlwaysRefresh":false,"showFog":true,"showSkybox":true,"showFlares":true,"showImageEffects":true,"showParticleSystems":true,"showVisualEffectGraphs":true,"m_FxEnabled":true},"in2DMode":false,"pivot":{"x":19.33513832092285,"y":4.976861476898193,"z":-2.767930507659912},"rotation":{"x":0.021247107535600663,"y":0.9700973033905029,"z":-0.22216419875621797,"w":0.08333844691514969},"size":4.127540111541748,"orthographic":false}