{"cameraMode":{"drawMode":0,"name":"Shaded","section":"Shading Mode"},"sceneLighting":true,"audioPlay":false,"sceneViewState":{"m_AlwaysRefresh":false,"showFog":true,"showSkybox":true,"showFlares":true,"showImageEffects":true,"showParticleSystems":true,"showVisualEffectGraphs":true,"m_FxEnabled":true},"in2DMode":false,"pivot":{"x":23.98646354675293,"y":4.532881259918213,"z":-16.764801025390626},"rotation":{"x":0.025185666978359224,"y":-0.996740996837616,"z":0.05032990872859955,"w":-0.036411136388778689},"size":10.15241527557373,"orthographic":false}