{"cameraMode":{"drawMode":0,"name":"Shaded","section":"Shading Mode"},"sceneLighting":true,"audioPlay":false,"sceneViewState":{"m_AlwaysRefresh":false,"showFog":true,"showSkybox":true,"showFlares":true,"showImageEffects":true,"showParticleSystems":true,"showVisualEffectGraphs":true,"m_FxEnabled":true},"in2DMode":false,"pivot":{"x":23.87139892578125,"y":3.581223249435425,"z":-21.70269012451172},"rotation":{"x":-0.02674774080514908,"y":0.9967513680458069,"z":-0.05294739082455635,"w":0.020357638597488405},"size":12.466289520263672,"orthographic":false}