{"cameraMode":{"drawMode":0,"name":"Shaded","section":"Shading Mode"},"sceneLighting":true,"audioPlay":true,"sceneViewState":{"m_AlwaysRefresh":false,"showFog":true,"showSkybox":true,"showFlares":true,"showImageEffects":true,"showParticleSystems":true,"showVisualEffectGraphs":true,"m_FxEnabled":true},"in2DMode":false,"pivot":{"x":31.483692169189454,"y":4.5872297286987309,"z":-7.056637763977051},"rotation":{"x":0.013028627261519432,"y":0.4925343990325928,"z":-0.004371682181954384,"w":0.8696048259735107},"size":4.3045454025268559,"orthographic":false}