{"cameraMode":{"drawMode":0,"name":"Shaded","section":"Shading Mode"},"sceneLighting":true,"audioPlay":true,"sceneViewState":{"m_AlwaysRefresh":false,"showFog":true,"showSkybox":true,"showFlares":true,"showImageEffects":true,"showParticleSystems":true,"showVisualEffectGraphs":true,"m_FxEnabled":true},"in2DMode":false,"pivot":{"x":32.46168899536133,"y":8.285040855407715,"z":0.26406535506248476},"rotation":{"x":-0.18282485008239747,"y":-0.6444754600524902,"z":0.15652690827846528,"w":-0.724177360534668},"size":4.3045454025268559,"orthographic":false}