{"cameraMode":{"drawMode":0,"name":"Shaded","section":"Shading Mode"},"sceneLighting":true,"audioPlay":false,"sceneViewState":{"m_AlwaysRefresh":false,"showFog":true,"showSkybox":true,"showFlares":true,"showImageEffects":true,"showParticleSystems":true,"showVisualEffectGraphs":true,"m_FxEnabled":true},"in2DMode":false,"pivot":{"x":21.805036544799806,"y":-1.166404128074646,"z":-18.59604263305664},"rotation":{"x":-0.029092861339449884,"y":0.9756929874420166,"z":-0.2086908370256424,"w":-0.03254957124590874},"size":11.544058799743653,"orthographic":false}