{"cameraMode":{"drawMode":0,"name":"Shaded","section":"Shading Mode"},"sceneLighting":false,"audioPlay":false,"sceneViewState":{"m_AlwaysRefresh":false,"showFog":true,"showSkybox":true,"showFlares":true,"showImageEffects":true,"showParticleSystems":true,"showVisualEffectGraphs":true,"m_FxEnabled":true},"in2DMode":false,"pivot":{"x":-0.2828260362148285,"y":4.803383827209473,"z":2.6764674186706545},"rotation":{"x":0.012086275033652783,"y":0.9866713285446167,"z":-0.1357942819595337,"w":0.08396250754594803},"size":0.15738371014595033,"orthographic":false}