{"cameraMode":{"drawMode":0,"name":"Shaded","section":"Shading Mode"},"sceneLighting":false,"audioPlay":false,"sceneViewState":{"m_AlwaysRefresh":false,"showFog":true,"showSkybox":true,"showFlares":true,"showImageEffects":true,"showParticleSystems":true,"showVisualEffectGraphs":true,"m_FxEnabled":true},"in2DMode":false,"pivot":{"x":1.6239349842071534,"y":1.344177007675171,"z":-0.17304085195064546},"rotation":{"x":0.021713415160775186,"y":0.6960577368736267,"z":-0.02114594168961048,"w":0.7172434329986572},"size":0.1606065183877945,"orthographic":false}