{"cameraMode":{"drawMode":0,"name":"Shaded","section":"Shading Mode"},"sceneLighting":true,"audioPlay":false,"sceneViewState":{"m_AlwaysRefresh":false,"showFog":true,"showSkybox":true,"showFlares":true,"showImageEffects":true,"showParticleSystems":true,"showVisualEffectGraphs":true,"m_FxEnabled":true},"in2DMode":false,"pivot":{"x":23.33595848083496,"y":6.597225189208984,"z":-18.407148361206056},"rotation":{"x":0.003696301719173789,"y":-0.9988078474998474,"z":-0.017915457487106324,"w":-0.020480627194046975},"size":10.15241527557373,"orthographic":false}