{"cameraMode":{"drawMode":0,"name":"Shaded","section":"Shading Mode"},"sceneLighting":true,"audioPlay":false,"sceneViewState":{"m_AlwaysRefresh":false,"showFog":true,"showSkybox":true,"showFlares":true,"showImageEffects":true,"showParticleSystems":true,"showVisualEffectGraphs":true,"m_FxEnabled":true},"in2DMode":false,"pivot":{"x":24.15721893310547,"y":5.559170246124268,"z":-24.113557815551759},"rotation":{"x":-0.030428847298026086,"y":0.9975224137306213,"z":-0.010182563215494156,"w":0.03986753523349762},"size":13.221085548400879,"orthographic":false}